Workbook

Sheet Overview
A1: Administrative Support Work Sample
A4: Workbook purpose | B4: Demonstrate practical Google Sheets workflows for data collection, shared inbox monitoring, meeting support, scheduling, follow-up, and confidential record handling.
A5: As-of date | B5: 46280
A6: Data notice | B6: All educator names, requests, email subjects, and meeting details in this workbook are fictional and created only for demonstration.
A7: Google Sheets use | B7: Upload this .xlsx file to Google Drive and choose Open with Google Sheets. Filters, formulas, dropdowns, and conditional formatting are designed to remain usable.
A9: Reviewer's quick guide
A10: 1 | B10: Educator Data Tracker | C10: Shows collection, completeness checks, due dates, and follow-up.
A11: 2 | B11: Shared Inbox Tracker | C11: Shows triage, ownership, response deadlines, confidentiality, and escalation.
A12: 3 | B12: Meeting Actions | C12: Shows minutes-to-action workflow, accountability, and deadline tracking.
A15: Sample workflow summary
A16: Educator requests | B16: =COUNTA('Educator Data Tracker'!A3:A7) -> 5
A17: Complete requests | B17: =COUNTIF('Educator Data Tracker'!K3:K7,"Complete") -> 2
A18: Open inbox items | B18: =COUNTIF('Shared Inbox Tracker'!J3:J7,"<>Closed")-COUNTBLANK('Shared Inbox Tracker'!A3:A7) -> 3
A19: Overdue inbox items | B19: =COUNTIF('Shared Inbox Tracker'!M3:M7,"Overdue") -> 1
A20: Open meeting actions | B20: =COUNTIF('Meeting Actions'!H3:H6,"<>Complete")-COUNTBLANK('Meeting Actions'!A3:A6) -> 3

Sheet Educator Data Tracker
A1: Educator Services Data Collection Tracker — Fictional Sample
A2: Request ID | B2: Educator | C2: Program | D2: Data Requested | E2: Date Requested | F2: Due Date | G2: Date Received | H2: Quality Check | I2: Follow-up Needed | J2: Owner | K2: Status | L2: Days Remaining | M2: Notes | N2: Confidential
A3: EDU-001 | B3: Jordan Lee | C3: K–7 | D3: Monthly learner summary | E3: 46272 | F3: 46277 | G3: 46276 | H3: Verified | I3: No | J3: Shuchita | K3: =IF(A3="","",IF(G3<>"","Complete",IF(F3<Overview!$B$5,"Overdue",IF(F3-Overview!$B$5<=2,"Due Soon","Pending")))) -> Complete | L3: =IF(A3="","",IF(K3="Complete","",F3-Overview!$B$5)) | M3: Complete and filed in restricted folder. | N3: Yes
A4: EDU-002 | B4: Morgan Chen | C4: Grades 8–12 | D4: Availability form | E4: 46273 | F4: 46279 | H4: Missing Fields | I4: Yes | J4: Shuchita | K4: =IF(A4="","",IF(G4<>"","Complete",IF(F4<Overview!$B$5,"Overdue",IF(F4-Overview!$B$5<=2,"Due Soon","Pending")))) -> Overdue | L4: =IF(A4="","",IF(K4="Complete","",F4-Overview!$B$5)) -> -1 | M4: Follow-up sent; preferred meeting times missing. | N4: No
A5: EDU-003 | B5: Taylor Singh | C5: K–7 | D5: Professional learning record | E5: 46275 | F5: 46282 | H5: Needs Review | I5: No | J5: Program Lead | K5: =IF(A5="","",IF(G5<>"","Complete",IF(F5<Overview!$B$5,"Overdue",IF(F5-Overview!$B$5<=2,"Due Soon","Pending")))) -> Due Soon | L5: =IF(A5="","",IF(K5="Complete","",F5-Overview!$B$5)) -> 2 | M5: Document received informally; awaiting final upload. | N5: Yes
A6: EDU-004 | B6: Avery Martin | C6: Grades 8–12 | D6: Term planning document | E6: 46274 | F6: 46280 | G6: 46280 | H6: Verified | I6: No | J6: Shuchita | K6: =IF(A6="","",IF(G6<>"","Complete",IF(F6<Overview!$B$5,"Overdue",IF(F6-Overview!$B$5<=2,"Due Soon","Pending")))) -> Complete | L6: =IF(A6="","",IF(K6="Complete","",F6-Overview!$B$5)) | M6: Received on due date; naming convention checked. | N6: No
A7: EDU-005 | B7: Riley Patel | C7: K–7 | D7: Contact information update | E7: 46277 | F7: 46284 | H7: Pending | I7: No | J7: Shuchita | K7: =IF(A7="","",IF(G7<>"","Complete",IF(F7<Overview!$B$5,"Overdue",IF(F7-Overview!$B$5<=2,"Due Soon","Pending")))) -> Pending | L7: =IF(A7="","",IF(K7="Complete","",F7-Overview!$B$5)) -> 4 | M7: Initial request sent. | N7: Yes

Sheet Shared Inbox Tracker
A1: Educator Services Shared Inbox Workflow — Fictional Sample
A2: Email ID | B2: Date Received | C2: Sender Type | D2: Subject | E2: Category | F2: Priority | G2: Confidential | H2: Assigned To | I2: Response Due | J2: Status | K2: Response Date | L2: Days Open | M2: SLA Status
A3: EM-101 | B3: 46280 | C3: Educator | D3: Calendar access request | E3: Scheduling | F3: Normal | G3: No | H3: Shuchita | I3: 46281 | J3: In Progress | L3: =IF(A3="","",IF(J3="Closed",K3-B3,Overview!$B$5-B3)) -> 0 | M3: =IF(A3="","",IF(J3="Closed","Closed",IF(I3<Overview!$B$5,"Overdue",IF(I3-Overview!$B$5<=1,"Due Today/Soon","On Track")))) -> Due Today/Soon
A4: EM-102 | B4: 46279 | C4: Educator | D4: Correction to confidential learner record | E4: Data correction | F4: High | G4: Yes | H4: Program Lead | I4: 46280 | J4: Escalated | L4: =IF(A4="","",IF(J4="Closed",K4-B4,Overview!$B$5-B4)) -> 1 | M4: =IF(A4="","",IF(J4="Closed","Closed",IF(I4<Overview!$B$5,"Overdue",IF(I4-Overview!$B$5<=1,"Due Today/Soon","On Track")))) -> Due Today/Soon
A5: EM-103 | B5: 46277 | C5: Internal Team | D5: Meeting agenda additions | E5: Meeting support | F5: Normal | G5: No | H5: Shuchita | I5: 46279 | J5: Closed | K5: 46278 | L5: =IF(A5="","",IF(J5="Closed",K5-B5,Overview!$B$5-B5)) -> 1 | M5: =IF(A5="","",IF(J5="Closed","Closed",IF(I5<Overview!$B$5,"Overdue",IF(I5-Overview!$B$5<=1,"Due Today/Soon","On Track")))) -> Closed
A6: EM-104 | B6: 46278 | C6: Educator | D6: Where to upload monthly report | E6: Document support | F6: Normal | G6: No | H6: Shuchita | I6: 46280 | J6: Closed | K6: 46279 | L6: =IF(A6="","",IF(J6="Closed",K6-B6,Overview!$B$5-B6)) -> 1 | M6: =IF(A6="","",IF(J6="Closed","Closed",IF(I6<Overview!$B$5,"Overdue",IF(I6-Overview!$B$5<=1,"Due Today/Soon","On Track")))) -> Closed
A7: EM-105 | B7: 46276 | C7: Applicant | D7: Educator Services process question | E7: General inquiry | F7: Low | G7: No | H7: Educator Services | I7: 46279 | J7: In Progress | L7: =IF(A7="","",IF(J7="Closed",K7-B7,Overview!$B$5-B7)) -> 4 | M7: =IF(A7="","",IF(J7="Closed","Closed",IF(I7<Overview!$B$5,"Overdue",IF(I7-Overview!$B$5<=1,"Due Today/Soon","On Track")))) -> Overdue

Sheet Meeting Actions
A1: Educator Services Meeting & Action Log — Fictional Sample
A2: Meeting Date | B2: Meeting Type | C2: Agenda Item | D2: Decision / Notes | E2: Action Item | F2: Owner | G2: Due Date | H2: Status | I2: Completed Date | J2: Follow-up | K2: Confidential
A3: 46275 | B3: Weekly Team | C3: Monthly data collection | D3: Use one standardized naming convention in Drive. | E3: Send updated file-naming guide. | F3: Shuchita | G3: 46277 | H3: Complete | I3: 46276 | J3: =IF(A3="","",IF(H3="Complete","No",IF(G3<Overview!$B$5,"Yes - Overdue",IF(G3-Overview!$B$5<=2,"Yes - Due Soon","No")))) -> No | K3: No
A4: 46275 | B4: Weekly Team | C4: Shared inbox coverage | D4: High-priority confidential items must be escalated the same day. | E4: Draft quick-reference triage guide. | F4: Shuchita | G4: 46281 | H4: In Progress | J4: =IF(A4="","",IF(H4="Complete","No",IF(G4<Overview!$B$5,"Yes - Overdue",IF(G4-Overview!$B$5<=2,"Yes - Due Soon","No")))) -> Yes - Due Soon | K4: Yes
A5: 46277 | B5: Program Check-in | C5: Educator availability | D5: Collect missing availability before calendar is finalized. | E5: Follow up with two educators. | F5: Shuchita | G5: 46280 | H5: In Progress | J5: =IF(A5="","",IF(H5="Complete","No",IF(G5<Overview!$B$5,"Yes - Overdue",IF(G5-Overview!$B$5<=2,"Yes - Due Soon","No")))) -> Yes - Due Soon | K5: No
A6: 46277 | B6: Program Check-in | C6: Restricted Drive folders | D6: Review access list monthly. | E6: Prepare access-review checklist. | F6: Program Lead | G6: 46284 | H6: Not Started | J6: =IF(A6="","",IF(H6="Complete","No",IF(G6<Overview!$B$5,"Yes - Overdue",IF(G6-Overview!$B$5<=2,"Yes - Due Soon","No")))) -> No | K6: Yes
